Probandennummer;NLZ;Sportart;Leistungsniveau;Geschlecht;Alter zum Testzeitpkt;Gewicht;Größe;Squat Jump;Countermovement Jump;1RM Kniebeuge hinten;Linearsprint 10m;Linearsprint 20m;Linearsprint 30 m;Relativkraftleistung
1;1;Fußball;Nachwuchsleistungszentrum;männlich;19;79.6;184.5;39.1;38.8;110;1.713;2.956;4.128;1.38
2;1;Fußball;Nachwuchsleistungszentrum;männlich;19;68.6;171;41.9;41.9;100;1.706;2.909;4.077;1.46
3;1;Fußball;Nachwuchsleistungszentrum;männlich;19;63.1;172;35.5;37.9;90;1.766;3.006;4.176;1.43
5;1;Fußball;Nachwuchsleistungszentrum;männlich;18;78.1;179;37.7;42.1;80;1.758;3;4.152;1.02
6;1;Fußball;Nachwuchsleistungszentrum;männlich;18;79.2;183;35.6;36.4;80;1.784;3.095;4.342;1.01
7;1;Fußball;Nachwuchsleistungszentrum;männlich;18;69.9;176.5;32.2;37.4;80;1.765;3.055;4.256;1.14
8;1;Fußball;Nachwuchsleistungszentrum;männlich;19;72;182;43.1;43.4;125;;;;1.74
9;1;Fußball;Nachwuchsleistungszentrum;männlich;19;73.5;175;41.5;44.8;110;1.667;2.878;4.019;1.5
10;1;Fußball;Nachwuchsleistungszentrum;männlich;18;65.7;176;36;36;70;1.726;2.93;4.065;1.07
11;1;Fußball;Nachwuchsleistungszentrum;männlich;19;63.5;164.5;43.7;43.5;110;1.687;2.936;4.136;1.73
12;1;Fußball;Nachwuchsleistungszentrum;männlich;19;72.4;181.5;51.1;51.1;130;1.694;2.943;4.131;1.8
13;1;Fußball;Nachwuchsleistungszentrum;männlich;18;68;177;42.8;46.3;100;;;;1.47
14;1;Fußball;Nachwuchsleistungszentrum;männlich;18;62;175.5;33.7;36.9;85;1.709;2.934;4.141;1.37
15;1;Fußball;Nachwuchsleistungszentrum;männlich;19;67.8;175;35.6;38.1;95;1.797;3.086;4.323;1.4
16;1;Fußball;Nachwuchsleistungszentrum;männlich;18;72.1;172.5;41.5;44.8;100;1.7;2.919;4.071;1.39
17;1;Fußball;Nachwuchsleistungszentrum;männlich;19;79;187;40.9;45.9;130;1.725;2.941;4.083;1.65
18;1;Fußball;Nachwuchsleistungszentrum;männlich;17;74.8;187;28.8;33.1;60;1.793;3.073;4.281;0.8
19;1;Fußball;Nachwuchsleistungszentrum;männlich;18;74.5;179;41.8;42.8;125;;;;1.68
20;1;Fußball;Nachwuchsleistungszentrum;männlich;18;72;176;36.9;37.4;110;;;;1.53
21;1;Fußball;Nachwuchsleistungszentrum;männlich;17;72.3;183;37.6;40.2;100;1.638;2.818;3.916;1.38
22;1;Fußball;Nachwuchsleistungszentrum;männlich;19;78;176.5;33.9;34;100;1.733;2.982;4.16;1.28
23;1;Fußball;Nachwuchsleistungszentrum;männlich;17;74.8;183;34.5;40.1;95;1.816;3.089;4.317;1.27
24;1;Fußball;Nachwuchsleistungszentrum;männlich;18;75;176;37.9;38.5;110;;;;1.47
25;1;Fußball;Nachwuchsleistungszentrum;männlich;17;70.9;177;34;36;105;1.796;3.087;4.347;1.48
26;1;Fußball;Nachwuchsleistungszentrum;männlich;18;78.8;176.5;40.2;44.7;125;1.651;2.904;4.096;1.59
27;1;Fußball;Nachwuchsleistungszentrum;männlich;18;71;166;40.6;40.5;110;1.767;3.026;4.238;1.55
29;1;Fußball;Nachwuchsleistungszentrum;männlich;17;84;185.5;45;48.8;120;1.756;2.99;4.164;1.43
30;1;Fußball;Nachwuchsleistungszentrum;männlich;17;66.7;184;34.9;36.8;100;1.707;2.943;4.122;1.5
31;1;Fußball;Nachwuchsleistungszentrum;männlich;18;74.8;179;38.8;41.6;110;1.76;3.026;4.216;1.47
32;1;Fußball;Nachwuchsleistungszentrum;männlich;17;75.2;179;32.2;32;90;1.756;3.041;4.283;1.2
33;1;Fußball;Nachwuchsleistungszentrum;männlich;18;72.8;171.5;45.6;45.4;125;1.687;2.91;4.075;1.72
34;1;Fußball;Nachwuchsleistungszentrum;männlich;17;78.5;187;39.2;41.2;120;1.72;2.941;4.086;1.53
35;1;Fußball;Nachwuchsleistungszentrum;männlich;17;79.8;188;43.8;46.5;110;1.733;2.967;4.151;1.38
37;1;Fußball;Nachwuchsleistungszentrum;männlich;18;70.2;172.5;38.1;44.4;105;1.743;2.998;4.183;1.5
38;1;Fußball;Nachwuchsleistungszentrum;männlich;18;92;185;39.9;39.8;95;1.85;3.167;4.427;1.03
39;1;Fußball;Nachwuchsleistungszentrum;männlich;16;65.7;182;35.3;36;80;1.71;2.953;4.094;1.22
40;1;Fußball;Nachwuchsleistungszentrum;männlich;16;74.9;177;32.9;38.8;80;1.789;3.055;4.275;1.07
41;1;Fußball;Nachwuchsleistungszentrum;männlich;17;69.2;174.5;34.4;36.2;100;1.78;3.047;4.245;1.45
42;1;Fußball;Nachwuchsleistungszentrum;männlich;17;72.5;184;42.8;47.5;100;1.766;3.048;4.312;1.38
43;1;Fußball;Nachwuchsleistungszentrum;männlich;17;76.1;176;35.2;33.5;95;1.824;3.138;4.388;1.25
45;1;Fußball;Nachwuchsleistungszentrum;männlich;15;70.7;180;33.9;36;60;1.783;3.093;4.332;0.85
46;1;Fußball;Nachwuchsleistungszentrum;männlich;16;66.3;176.5;35.8;36.3;100;1.7;2.938;4.138;1.51
47;1;Fußball;Nachwuchsleistungszentrum;männlich;17;70.9;182;37;38.4;105;1.716;2.988;4.185;1.48
48;1;Fußball;Nachwuchsleistungszentrum;männlich;16;74.6;186;39.9;41.3;105;1.724;2.954;4.113;1.41
49;1;Fußball;Nachwuchsleistungszentrum;männlich;15;64.3;167;29.8;40.9;80;1.712;2.947;4.109;1.24
50;1;Fußball;Nachwuchsleistungszentrum;männlich;17;65.2;175.5;50.5;50.6;130;1.617;2.812;3.916;1.99
51;1;Fußball;Nachwuchsleistungszentrum;männlich;17;67.3;174.5;47.2;47.4;125;1.629;2.803;3.924;1.86
52;1;Fußball;Nachwuchsleistungszentrum;männlich;17;71.2;178;38.1;40.5;100;1.732;2.976;4.148;1.4
53;1;Fußball;Nachwuchsleistungszentrum;männlich;15;64.6;165;39.2;35;;1.737;3.033;4.236;
54;1;Fußball;Nachwuchsleistungszentrum;männlich;17;89.8;190;36.9;38.1;110;1.774;3.042;4.242;1.22
55;1;Fußball;Nachwuchsleistungszentrum;männlich;17;60;166;34.2;35;85;1.792;3.093;4.337;1.42
56;1;Fußball;Nachwuchsleistungszentrum;männlich;17;64.7;177.5;37.6;39.7;100;1.737;2.962;4.131;1.55
57;1;Fußball;Nachwuchsleistungszentrum;männlich;17;74.7;184;39.8;41.8;115;1.626;2.849;4.001;1.54
58;1;Fußball;Nachwuchsleistungszentrum;männlich;17;70.3;185.5;42.3;44.4;90;1.728;2.982;4.184;1.28
59;1;Fußball;Nachwuchsleistungszentrum;männlich;17;82;184;42.6;44.1;120;1.765;2.976;4.127;1.46
60;1;Fußball;Nachwuchsleistungszentrum;männlich;15;64;185;29.2;35.2;75;1.745;3.054;4.292;1.17
61;1;Fußball;Nachwuchsleistungszentrum;männlich;16;72.5;180;34.4;34.5;85;;;;1.17
62;1;Fußball;Nachwuchsleistungszentrum;männlich;16;67.7;179.5;43.8;44.9;125;1.684;2.895;4.028;1.85
63;1;Fußball;Nachwuchsleistungszentrum;männlich;17;79;180.5;43.8;46.8;130;1.648;2.848;3.973;1.65
64;1;Fußball;Nachwuchsleistungszentrum;männlich;16;78.6;180;36.5;41.5;110;1.745;2.99;4.182;1.4
65;1;Fußball;Nachwuchsleistungszentrum;männlich;15;68.9;183.5;38.4;37;80;1.739;2.974;4.086;1.16
66;1;Fußball;Nachwuchsleistungszentrum;männlich;15;78.7;186.5;31.5;31.2;;1.819;3.113;4.326;
69;1;Fußball;Nachwuchsleistungszentrum;männlich;17;71.3;183.6;42.5;41.8;115;1.751;2.986;4.13;1.61
70;1;Fußball;Nachwuchsleistungszentrum;männlich;16;78.6;189.5;43.2;47.4;100;1.748;2.997;4.184;1.27
71;1;Fußball;Nachwuchsleistungszentrum;männlich;16;57;164.5;34.3;40.2;80;1.804;3.144;4.389;1.4
72;1;Fußball;Nachwuchsleistungszentrum;männlich;16;85.8;193.5;40.9;40.4;120;1.766;2.972;4.193;1.4
73;1;Fußball;Nachwuchsleistungszentrum;männlich;16;73.5;177.5;31.3;32.1;90;1.798;3.064;4.257;1.22
74;1;Fußball;Nachwuchsleistungszentrum;männlich;15;61.7;171.5;30;34.4;65;1.856;3.257;4.599;1.05
75;1;Fußball;Nachwuchsleistungszentrum;männlich;16;70.4;181;36.9;35.3;105;1.668;2.861;3.954;1.49
76;1;Fußball;Nachwuchsleistungszentrum;männlich;16;65.4;177;40.9;40.5;105;1.75;3.009;4.199;1.61
77;1;Fußball;Nachwuchsleistungszentrum;männlich;15;62.6;170.5;35;37.9;90;1.785;3.107;4.373;1.44
78;1;Fußball;Nachwuchsleistungszentrum;männlich;16;95;179;33.9;33.7;70;1.968;3.365;4.709;0.74
79;1;Fußball;Nachwuchsleistungszentrum;männlich;14;53.3;173;33;32.7;45;1.906;3.346;4.715;0.84
80;1;Fußball;Nachwuchsleistungszentrum;männlich;16;83;183.5;40.5;42.2;110;1.758;2.986;4.127;1.33
81;1;Fußball;Nachwuchsleistungszentrum;männlich;16;61;166;41.3;47.1;110;1.681;2.91;4.089;1.8
82;1;Fußball;Nachwuchsleistungszentrum;männlich;16;59.1;167.5;39.4;38.1;95;1.761;3.068;4.294;1.61
83;1;Fußball;Nachwuchsleistungszentrum;männlich;16;69;178;45.1;45.4;115;1.726;2.959;4.102;1.67
84;1;Fußball;Nachwuchsleistungszentrum;männlich;16;63.2;175;31.8;33.7;75;1.878;3.242;4.555;1.19
85;1;Fußball;Nachwuchsleistungszentrum;männlich;16;63.2;175;42.3;43.9;95;1.637;2.824;3.95;1.5
86;1;Fußball;Nachwuchsleistungszentrum;männlich;15;57.3;176.5;40.9;38.8;80;1.77;3.045;4.262;1.4
87;1;Fußball;Nachwuchsleistungszentrum;männlich;16;65.4;179;40.5;42.6;110;1.725;2.98;4.181;1.68
88;1;Fußball;Nachwuchsleistungszentrum;männlich;15;59.3;178;37;36.1;65;;;;1.1
89;1;Fußball;Nachwuchsleistungszentrum;männlich;16;79.9;181.5;45.3;47.2;115;1.764;3.033;4.292;1.44
90;1;Fußball;Nachwuchsleistungszentrum;männlich;16;74.7;173.5;43.5;41.6;125;1.639;2.892;4.039;1.67
91;1;Fußball;Nachwuchsleistungszentrum;männlich;16;61.5;168.5;33.7;37.6;75;1.85;3.177;4.428;1.22
92;1;Fußball;Nachwuchsleistungszentrum;männlich;16;66.4;168;37;40.8;105;1.753;3.058;4.285;1.58
93;1;Fußball;Nachwuchsleistungszentrum;männlich;16;69.9;179;38.3;42.2;115;1.724;2.959;4.109;1.65
94;1;Fußball;Nachwuchsleistungszentrum;männlich;14;75;176;34.1;34;70;1.775;3.057;4.279;0.93
95;1;Fußball;Nachwuchsleistungszentrum;männlich;15;67.1;176.5;41.9;42.2;110;1.737;2.938;4.137;1.64
96;1;Fußball;Nachwuchsleistungszentrum;männlich;15;71.4;183.5;37.3;37.6;105;1.75;2.973;4.105;1.47
97;1;Fußball;Nachwuchsleistungszentrum;männlich;14;65.8;170;35.6;39.8;80;1.741;2.985;4.174;1.22
99;1;Fußball;Nachwuchsleistungszentrum;männlich;15;60.7;170;36;36.7;95;1.769;3.099;4.356;1.57
102;1;Fußball;Nachwuchsleistungszentrum;männlich;15;53.8;175.5;41.6;41.9;90;1.733;3.067;4.273;1.67
103;1;Fußball;Nachwuchsleistungszentrum;männlich;15;53.2;175;34.5;37.3;70;1.811;3.177;4.458;1.32
105;1;Fußball;Nachwuchsleistungszentrum;männlich;15;80;177;32.9;36.1;100;1.726;3.037;4.275;1.25
106;1;Fußball;Nachwuchsleistungszentrum;männlich;14;53.9;160;33.9;35.4;50;1.793;3.14;4.427;0.93
108;1;Fußball;Nachwuchsleistungszentrum;männlich;14;57;171;33.1;33.4;55;1.776;3.276;4.627;0.96
111;1;Fußball;Nachwuchsleistungszentrum;männlich;15;48;160;35.8;34.9;65;1.83;3.214;4.543;1.35
112;1;Fußball;Nachwuchsleistungszentrum;männlich;15;49.5;163;43.9;45.1;80;1.754;3.094;4.385;1.62
113;1;Fußball;Nachwuchsleistungszentrum;männlich;14;65.6;174;30.7;31.7;80;1.815;3.12;4.339;1.22
114;1;Fußball;Nachwuchsleistungszentrum;männlich;15;63.4;180;38.3;36.8;95;1.745;3.065;4.358;1.5
115;1;Fußball;Nachwuchsleistungszentrum;männlich;14;76.4;170;33.8;34.8;105;1.759;3.081;4.359;1.37
116;1;Fußball;Nachwuchsleistungszentrum;männlich;14;59;172;39.9;42.6;85;1.726;3.052;4.327;1.44
118;1;Fußball;Nachwuchsleistungszentrum;männlich;14;66.9;172;40.2;40.8;95;1.792;3.108;4.361;1.42
119;1;Fußball;Nachwuchsleistungszentrum;männlich;14;75.2;190.5;48.6;47.1;110;1.671;2.92;4.146;1.46
120;1;Fußball;Nachwuchsleistungszentrum;männlich;14;58;171;40.4;42.8;75;1.716;3.012;4.231;1.29
121;1;Fußball;Nachwuchsleistungszentrum;männlich;14;66;180;39.8;41.6;95;1.716;3.03;4.307;1.44
122;1;Fußball;Nachwuchsleistungszentrum;männlich;13;55.5;164;27;27.5;40;2.014;3.525;5.067;0.72
123;1;Fußball;Nachwuchsleistungszentrum;männlich;13;62.3;176;36.6;35.2;60;1.771;3.091;4.359;0.96
124;1;Fußball;Nachwuchsleistungszentrum;männlich;14;73.7;187.5;47.7;48.5;100;1.709;3.011;4.29;1.36
125;1;Fußball;Nachwuchsleistungszentrum;männlich;13;65.4;168;36.1;37.7;60;1.772;3.072;4.324;0.92
126;1;Fußball;Nachwuchsleistungszentrum;männlich;14;58.3;172;43.8;44.2;105;1.712;3.028;4.268;1.8
127;1;Fußball;Nachwuchsleistungszentrum;männlich;14;50.7;170;34.5;32.7;50;1.909;3.391;4.814;0.99
128;1;Fußball;Nachwuchsleistungszentrum;männlich;14;59.4;168.5;32.1;34.1;65;1.931;3.336;4.658;1.09
129;1;Fußball;Nachwuchsleistungszentrum;männlich;14;58;164;28.8;29.9;50;1.937;3.47;4.939;0.86
131;1;Fußball;Nachwuchsleistungszentrum;männlich;14;62.9;168.5;34.4;35.6;80;1.792;3.173;4.535;1.27
133;1;Fußball;Nachwuchsleistungszentrum;männlich;14;53.8;165.5;30.2;36.5;65;1.756;3.112;4.402;1.21
134;1;Fußball;Nachwuchsleistungszentrum;männlich;14;46;164.5;38.2;41.6;70;1.761;3.165;4.497;1.52
135;1;Fußball;Nachwuchsleistungszentrum;männlich;14;47;158.5;33.1;33.7;50;1.901;3.311;4.673;1.06
140;1;Fußball;Nachwuchsleistungszentrum;männlich;14;43;147;30.1;31.2;50;1.887;3.371;4.787;1.16
141;1;Fußball;Nachwuchsleistungszentrum;männlich;14;65.8;172.5;38;37.2;80;1.85;3.22;4.525;1.22
142;1;Fußball;Nachwuchsleistungszentrum;männlich;14;55.8;165;41.1;38.8;80;1.68;2.923;4.099;1.43
144;1;Fußball;Nachwuchsleistungszentrum;männlich;14;51;153;31.7;33.5;60;1.864;3.277;4.638;1.18
150;1;Fußball;Nachwuchsleistungszentrum;männlich;13;44.3;157;30.7;32.6;45;1.844;3.187;4.499;1.02
151;1;Fußball;Nachwuchsleistungszentrum;männlich;13;42.1;153.5;32.9;33.6;45;1.753;3.108;4.428;1.07
153;1;Fußball;Nachwuchsleistungszentrum;männlich;13;49.5;156;27.2;26.9;50;1.955;3.435;4.882;1.01
155;1;Fußball;Nachwuchsleistungszentrum;männlich;13;40;138.5;27;31;35;1.951;3.513;5.034;0.88
156;1;Fußball;Nachwuchsleistungszentrum;männlich;13;45;159;35;37.1;40;1.794;3.177;4.506;0.89
157;1;Fußball;Nachwuchsleistungszentrum;männlich;13;41;151;38.7;39.9;80;1.825;3.22;4.581;1.95
158;1;Fußball;Nachwuchsleistungszentrum;männlich;13;43;149;33.2;33.6;50;1.885;3.318;4.721;1.16
160;1;Fußball;Nachwuchsleistungszentrum;männlich;13;41.8;149;30.2;34.4;40;1.885;3.346;4.788;0.96
161;1;Fußball;Nachwuchsleistungszentrum;männlich;13;40.2;149;23.6;24;35;1.875;3.395;4.855;0.87
163;1;Fußball;Nachwuchsleistungszentrum;männlich;13;56.1;171.5;28;34.1;35;1.862;3.271;4.642;0.62
164;1;Fußball;Nachwuchsleistungszentrum;männlich;13;37.9;154.5;32.2;33.5;50;1.74;3.062;4.331;1.32
165;1;Fußball;Nachwuchsleistungszentrum;männlich;13;55.2;169.5;25.3;27.6;45;1.816;3.227;4.568;0.82
166;1;Fußball;Nachwuchsleistungszentrum;männlich;13;51.4;164;29;32.5;45;1.79;3.113;4.416;0.88
167;1;Fußball;Nachwuchsleistungszentrum;männlich;13;50.3;161;32.9;35.8;40;1.801;3.144;4.436;0.8
168;1;Fußball;Nachwuchsleistungszentrum;männlich;13;60.6;176;30.7;30.1;65;1.781;3.092;4.374;1.07
174;1;Fußball;Nachwuchsleistungszentrum;männlich;13;48.1;158.5;28.2;30.7;45;1.82;3.261;4.665;0.94
175;2;Fußball;Nachwuchsleistungszentrum;männlich;18;89.8;188;36.6;37.2;80;1.775;3.046;4.253;0.89
176;2;Fußball;Nachwuchsleistungszentrum;männlich;19;65;166.5;30.7;31.8;70;1.904;3.272;4.562;1.08
177;2;Fußball;Nachwuchsleistungszentrum;männlich;18;67;182.5;36.1;39.8;90;1.673;2.938;4.126;1.34
178;2;Fußball;Nachwuchsleistungszentrum;männlich;18;72;178.8;35.6;37.6;90;1.688;2.929;4.096;1.25
179;2;Fußball;Nachwuchsleistungszentrum;männlich;18;82.9;177;34;36.5;90;1.772;3.056;4.27;1.09
180;2;Fußball;Nachwuchsleistungszentrum;männlich;18;64.8;168;40.1;38.8;90;1.661;2.837;3.956;1.39
181;2;Fußball;Nachwuchsleistungszentrum;männlich;18;64.8;167;38.1;40.5;95;1.648;2.862;3.989;1.47
182;2;Fußball;Nachwuchsleistungszentrum;männlich;17;74;175;29;32;85;1.748;3.03;4.23;1.15
183;2;Fußball;Nachwuchsleistungszentrum;männlich;19;78.9;183;33.2;34.9;90;1.722;3.014;4.2;1.14
185;2;Fußball;Nachwuchsleistungszentrum;männlich;18;81.9;182;28.3;31;90;1.767;3.042;4.274;1.1
186;2;Fußball;Nachwuchsleistungszentrum;männlich;19;85.2;176.5;34.3;39.4;100;1.811;3.067;4.261;1.17
187;2;Fußball;Nachwuchsleistungszentrum;männlich;19;85.5;191;38.1;40.4;100;1.732;2.963;4.108;1.17
188;2;Fußball;Nachwuchsleistungszentrum;männlich;17;74;190;28.7;30.6;75;1.82;3.203;4.508;1.01
189;2;Fußball;Nachwuchsleistungszentrum;männlich;19;70.9;175;31.9;36.3;90;1.702;3.003;4.167;1.27
190;2;Fußball;Nachwuchsleistungszentrum;männlich;17;66.4;170;34.4;37.4;70;1.721;2.952;4.1;1.05
191;2;Fußball;Nachwuchsleistungszentrum;männlich;18;80.2;181;31;32.5;90;1.786;3.095;4.347;1.12
192;2;Fußball;Nachwuchsleistungszentrum;männlich;19;81.3;180.5;44.4;44.5;110;1.762;3.002;4.161;1.35
193;2;Fußball;Nachwuchsleistungszentrum;männlich;18;73.1;175.5;29.5;31.1;70;1.858;3.2;4.447;0.96
194;2;Fußball;Nachwuchsleistungszentrum;männlich;17;75.9;179.5;41.2;45.6;95;1.668;2.889;4.056;1.25
195;2;Fußball;Nachwuchsleistungszentrum;männlich;19;78.2;173;34.8;37;85;1.898;3.194;4.421;1.09
197;2;Fußball;Nachwuchsleistungszentrum;männlich;17;73;185;36.4;44.4;100;1.661;2.918;4.11;1.37
198;2;Fußball;Nachwuchsleistungszentrum;männlich;19;88;184;35;42.3;100;1.768;3.001;4.264;1.14
199;2;Fußball;Nachwuchsleistungszentrum;männlich;18;67.4;170;43.4;43.6;95;1.689;2.956;4.081;1.41
200;2;Fußball;Nachwuchsleistungszentrum;männlich;18;71.2;175.5;34.6;39.2;80;1.793;3.081;4.298;1.12
201;2;Fußball;Nachwuchsleistungszentrum;männlich;17;67.3;172;35.2;39.1;80;1.785;3.085;4.308;1.19
202;2;Fußball;Nachwuchsleistungszentrum;männlich;16;68;181;39;45.9;90;1.683;2.9;4.054;1.32
203;2;Fußball;Nachwuchsleistungszentrum;männlich;17;65.3;178;32.5;33.4;70;1.807;3.099;4.317;1.07
204;2;Fußball;Nachwuchsleistungszentrum;männlich;16;73;186;37.7;39.5;90;1.712;2.931;4.07;1.23
205;2;Fußball;Nachwuchsleistungszentrum;männlich;17;67.2;175.5;32.7;39.4;90;1.815;3.115;4.341;1.34
206;2;Fußball;Nachwuchsleistungszentrum;männlich;16;66.7;171;34.7;40.6;65;1.77;3.053;4.24;0.97
207;2;Fußball;Nachwuchsleistungszentrum;männlich;18;77.9;174;39.2;42.9;100;1.753;3.001;4.189;1.28
208;2;Fußball;Nachwuchsleistungszentrum;männlich;18;77.1;188;32.2;34.1;70;1.933;3.255;4.488;0.91
209;2;Fußball;Nachwuchsleistungszentrum;männlich;17;65.2;172;35.7;40.4;100;1.736;2.992;4.167;1.53
210;2;Fußball;Nachwuchsleistungszentrum;männlich;18;71.2;178;37;40.8;80;1.752;2.996;4.193;1.12
211;2;Fußball;Nachwuchsleistungszentrum;männlich;16;71;185.5;34.4;36.9;80;1.725;3.062;4.261;1.13
212;2;Fußball;Nachwuchsleistungszentrum;männlich;17;68.5;179;38.1;39.9;70;1.785;3.095;4.313;1.02
213;2;Fußball;Nachwuchsleistungszentrum;männlich;17;70.2;169;40.1;42.6;90;1.773;3.112;4.376;1.28
214;2;Fußball;Nachwuchsleistungszentrum;männlich;18;63;176;38.8;37.6;90;1.645;2.842;3.968;1.43
215;2;Fußball;Nachwuchsleistungszentrum;männlich;16;68;177;38.8;39.8;80;1.7;2.959;4.113;1.18
216;2;Fußball;Nachwuchsleistungszentrum;männlich;16;61.3;170;34.3;36.5;60;1.76;3.044;4.268;0.98
218;2;Fußball;Nachwuchsleistungszentrum;männlich;16;72.6;182;35.3;38.7;80;1.853;3.126;4.342;1.1
219;2;Fußball;Nachwuchsleistungszentrum;männlich;18;74.2;180;31.7;36.9;80;1.838;3.096;4.255;1.08
220;2;Fußball;Nachwuchsleistungszentrum;männlich;16;82.9;187.5;37.6;40.6;100;1.799;3.099;4.333;1.21
221;2;Fußball;Nachwuchsleistungszentrum;männlich;16;73.7;169;33.2;39;90;1.826;3.098;4.292;1.22
223;2;Fußball;Nachwuchsleistungszentrum;männlich;18;71.4;174;30.1;31.5;80;1.747;2.968;4.108;1.12
224;2;Fußball;Nachwuchsleistungszentrum;männlich;16;64.7;166;35.7;38.5;65;1.769;3.053;4.243;1
225;2;Fußball;Nachwuchsleistungszentrum;männlich;16;57.1;172;34.1;36;60;1.828;3.132;4.368;1.05
226;2;Fußball;Nachwuchsleistungszentrum;männlich;17;59;171.5;36;37.2;70;1.702;2.993;4.192;1.19
227;2;Fußball;Nachwuchsleistungszentrum;männlich;16;76;182.5;38.3;38.5;80;1.74;2.986;4.136;1.05
228;2;Fußball;Nachwuchsleistungszentrum;männlich;15;66.4;178;37;44.7;90;1.701;2.917;4.067;1.36
229;2;Fußball;Nachwuchsleistungszentrum;männlich;17;71.4;183.5;31.9;33.1;60;1.899;3.161;4.359;0.84
230;2;Fußball;Nachwuchsleistungszentrum;männlich;17;76.7;185;34.7;37.6;95;1.708;2.936;4.086;1.24
233;2;Fußball;Nachwuchsleistungszentrum;männlich;17;64.7;174;31.8;35.2;75;1.738;2.999;4.229;1.16
234;2;Fußball;Nachwuchsleistungszentrum;männlich;18;82.6;184;31.4;31.1;70;1.802;3.095;4.309;0.85
235;2;Fußball;Nachwuchsleistungszentrum;männlich;16;73.1;180.5;39.1;38.3;70;1.771;3.059;4.261;0.96
236;2;Fußball;Nachwuchsleistungszentrum;männlich;18;76.7;187;37.8;38.9;110;1.783;3.039;4.214;1.43
238;2;Fußball;Nachwuchsleistungszentrum;männlich;17;61;175;33;34.9;75;1.773;3.149;4.407;1.23
239;2;Fußball;Nachwuchsleistungszentrum;männlich;16;66.9;173.5;38.8;33.5;75;1.729;2.961;4.084;1.12
240;2;Fußball;Nachwuchsleistungszentrum;männlich;17;83.9;184;35.6;37.9;75;1.778;3.084;4.303;0.89
241;2;Fußball;Nachwuchsleistungszentrum;männlich;16;65;182;32.5;39.2;60;1.825;3.135;4.37;0.92
242;2;Fußball;Nachwuchsleistungszentrum;männlich;16;64.8;173;31.7;37.9;80;1.733;2.983;4.202;1.23
243;2;Fußball;Nachwuchsleistungszentrum;männlich;16;59.6;169;34.4;37;60;1.771;3.046;4.264;1.01
244;2;Fußball;Nachwuchsleistungszentrum;männlich;16;75.7;190;34.7;34.8;75;1.749;3.055;4.277;0.99
245;2;Fußball;Nachwuchsleistungszentrum;männlich;18;93;190;39.1;40.3;100;1.762;3.023;4.179;1.08
246;2;Fußball;Nachwuchsleistungszentrum;männlich;15;70.6;174;38.3;44.7;90;1.836;3.076;4.253;1.27
249;2;Fußball;Nachwuchsleistungszentrum;männlich;14;41.1;159;23.6;25;30;1.957;3.519;4.977;0.73
250;2;Fußball;Nachwuchsleistungszentrum;männlich;17;67.5;175;43.6;45.7;105;1.713;2.988;4.16;1.56
251;2;Fußball;Nachwuchsleistungszentrum;männlich;16;81.5;195;30;30.6;55;1.928;3.346;4.676;0.67
252;2;Fußball;Nachwuchsleistungszentrum;männlich;16;64.8;174;39.9;43.2;100;1.754;3;4.184;1.54
253;2;Fußball;Nachwuchsleistungszentrum;männlich;15;69;167.5;39.2;45.4;80;1.782;3.075;4.28;1.16
254;2;Fußball;Nachwuchsleistungszentrum;männlich;14;48.7;164;28.3;32.1;40;1.898;3.308;4.643;0.82
256;2;Fußball;Nachwuchsleistungszentrum;männlich;15;42;158;33.2;33;40;1.804;3.175;4.48;0.95
257;2;Fußball;Nachwuchsleistungszentrum;männlich;17;61.5;173;33.8;35.7;85;1.728;2.993;4.196;1.38
258;2;Fußball;Nachwuchsleistungszentrum;männlich;16;61.2;170.5;29.6;31.6;65;1.744;2.979;4.119;1.06
259;2;Fußball;Nachwuchsleistungszentrum;männlich;16;69.3;179;36.4;37.2;80;1.725;2.974;4.123;1.15
260;2;Fußball;Nachwuchsleistungszentrum;männlich;17;71.9;178;37.5;42;100;1.766;3.029;4.224;1.39
261;2;Fußball;Nachwuchsleistungszentrum;männlich;14;69;179;33.6;35;60;1.78;3.067;4.266;0.87
262;2;Fußball;Nachwuchsleistungszentrum;männlich;14;42.6;150;22.4;31.2;45;1.89;3.314;4.602;1.06
263;2;Fußball;Nachwuchsleistungszentrum;männlich;16;66.6;170.5;30.2;34.7;75;1.857;3.202;4.488;1.13
264;2;Fußball;Nachwuchsleistungszentrum;männlich;17;74.1;170;30.2;31.1;80;1.784;3.061;4.276;1.08
265;2;Fußball;Nachwuchsleistungszentrum;männlich;17;79.8;186;41.3;44.1;95;1.728;3.005;4.201;1.19
267;2;Fußball;Nachwuchsleistungszentrum;männlich;16;65.3;178.5;25.8;27;55;1.933;3.311;4.589;0.84
269;2;Fußball;Nachwuchsleistungszentrum;männlich;16;74.4;172;29.7;32.4;65;1.913;3.255;4.52;0.87
270;2;Fußball;Nachwuchsleistungszentrum;männlich;14;49.9;169;29.8;31.3;50;1.853;3.225;4.532;1
271;2;Fußball;Nachwuchsleistungszentrum;männlich;15;49;169.5;25.4;28.2;40;1.914;3.299;4.594;0.82
277;2;Fußball;Nachwuchsleistungszentrum;männlich;16;59.4;172;30.8;29.4;50;1.897;3.24;4.523;0.84
279;2;Fußball;Nachwuchsleistungszentrum;männlich;16;61.1;169;37.1;35.5;65;1.862;3.192;4.445;1.06
280;2;Fußball;Nachwuchsleistungszentrum;männlich;14;43.9;156.5;27.6;28.6;25;1.974;3.435;4.854;0.57
281;2;Fußball;Nachwuchsleistungszentrum;männlich;16;65.7;177;33.8;36.2;70;1.832;3.153;4.413;1.07
282;2;Fußball;Nachwuchsleistungszentrum;männlich;16;79;184;32.1;35.4;75;;;;0.95
287;2;Fußball;Nachwuchsleistungszentrum;männlich;14;61.4;174;25.8;30.4;50;1.904;3.275;4.573;0.81
288;2;Fußball;Nachwuchsleistungszentrum;männlich;15;57.9;171;27.2;29.4;40;1.858;3.192;4.445;0.69
289;2;Fußball;Nachwuchsleistungszentrum;männlich;16;73.3;176;32.3;36;80;1.761;3.059;4.313;1.09
290;2;Fußball;Nachwuchsleistungszentrum;männlich;15;54.8;163;27.6;28.7;55;1.933;3.28;4.527;1
291;2;Fußball;Nachwuchsleistungszentrum;männlich;16;72.2;167;33.4;35;100;;;;1.39
292;2;Fußball;Nachwuchsleistungszentrum;männlich;15;54.3;160;27.9;29.3;40;1.916;3.289;4.6;0.74
293;2;Fußball;Nachwuchsleistungszentrum;männlich;16;58.6;161;29.1;30;65;1.784;3.079;4.493;1.11
294;2;Fußball;Nachwuchsleistungszentrum;männlich;16;73.5;183;25.6;29;60;1.911;3.294;4.655;0.82
295;2;Fußball;Nachwuchsleistungszentrum;männlich;16;70.7;180;32.5;33.3;60;1.81;3.094;4.272;0.85
296;2;Fußball;Nachwuchsleistungszentrum;männlich;13;53.5;162.5;31.6;32.2;60;1.843;3.17;4.419;1.12
297;2;Fußball;Nachwuchsleistungszentrum;männlich;16;67.2;179;33.3;33.9;60;1.82;3.149;4.438;0.89
298;2;Fußball;Nachwuchsleistungszentrum;männlich;16;55;167;;;40;1.869;3.227;4.49;0.73
299;2;Fußball;Nachwuchsleistungszentrum;männlich;16;94.9;190;34.2;38.2;110;1.807;3.101;4.317;1.16
300;2;Fußball;Nachwuchsleistungszentrum;männlich;14;53.3;166.5;24.7;25.4;50;1.798;3.201;4.54;0.94
302;2;Fußball;Nachwuchsleistungszentrum;männlich;14;68.1;172.5;26.2;28.8;45;1.982;3.342;4.631;0.66
303;2;Fußball;Nachwuchsleistungszentrum;männlich;14;50.5;158;31.6;33.5;45;1.841;3.217;4.532;0.89
305;2;Fußball;Nachwuchsleistungszentrum;männlich;14;50;167;31;31.3;50;1.764;3.03;4.249;1
306;2;Fußball;Nachwuchsleistungszentrum;männlich;14;53.8;163;32.6;35.4;45;1.793;3.133;4.401;0.84
308;2;Fußball;Nachwuchsleistungszentrum;männlich;14;44;163;20.9;25.8;25;1.991;3.49;4.926;0.57
310;2;Fußball;Nachwuchsleistungszentrum;männlich;14;49.3;159.5;31;33.2;35;1.819;3.171;4.476;0.71
312;2;Fußball;Nachwuchsleistungszentrum;männlich;14;52.9;168.5;26.9;27.9;40;1.885;3.25;4.591;0.76
313;2;Fußball;Nachwuchsleistungszentrum;männlich;14;46.1;164.5;23.8;26.1;25;1.947;3.417;4.804;0.54
314;2;Fußball;Nachwuchsleistungszentrum;männlich;14;52;168;31.7;31.6;50;1.769;3.078;4.332;0.96
319;2;Fußball;Nachwuchsleistungszentrum;männlich;14;42.2;150;27.5;28;30;1.937;3.379;4.774;0.71
321;2;Fußball;Nachwuchsleistungszentrum;männlich;14;55.9;179.5;31.5;32.9;30;1.884;3.232;4.504;0.54
322;2;Fußball;Nachwuchsleistungszentrum;männlich;14;42.6;158.5;27.4;29.5;25;1.9;3.311;4.723;0.59
326;2;Fußball;Nachwuchsleistungszentrum;männlich;13;39.7;150.5;26.7;27.3;15;1.954;3.407;4.808;0.38
335;2;Fußball;Nachwuchsleistungszentrum;männlich;13;47.7;158.5;25.9;26.7;20;1.923;3.353;4.731;0.42
336;2;Fußball;Nachwuchsleistungszentrum;männlich;13;40.6;147.5;22.8;23.3;20;1.978;3.517;5.045;0.49
337;2;Fußball;Nachwuchsleistungszentrum;männlich;13;36.3;147;22.7;25.4;15;1.929;3.414;4.847;0.41
340;2;Fußball;Nachwuchsleistungszentrum;männlich;13;45;155;25.3;28.4;20;1.895;3.314;4.658;0.44
341;2;Fußball;Nachwuchsleistungszentrum;männlich;13;45.3;161;24;28.1;30;1.864;3.227;4.522;0.66
342;2;Fußball;Nachwuchsleistungszentrum;männlich;13;41.5;156.5;32.1;32.7;30;1.86;3.226;4.541;0.72
343;2;Fußball;Nachwuchsleistungszentrum;männlich;13;41.3;160;26.1;28.2;20;1.908;3.394;4.787;0.48
345;2;Fußball;Nachwuchsleistungszentrum;männlich;13;36.9;153.5;30.5;32.6;30;1.852;3.201;4.475;0.81
347;2;Fußball;Nachwuchsleistungszentrum;männlich;13;43;152.5;21.4;25.1;15;1.91;3.329;4.692;0.35
349;2;Fußball;Nachwuchsleistungszentrum;männlich;13;62;140;26.7;28;50;1.88;3.365;4.835;0.81
350;1;Fußball;Nachwuchsleistungszentrum;männlich;13;49;165;30;29.4;60;1.862;3.204;4.465;1.22
351;1;Fußball;Nachwuchsleistungszentrum;männlich;15;73.9;181;34.7;34.8;85;1.706;2.933;4.072;1.15
352;1;Fußball;Nachwuchsleistungszentrum;männlich;14;58.2;173;30.2;34.5;50;1.825;3.148;4.434;0.86
353;1;Fußball;Nachwuchsleistungszentrum;männlich;14;86.4;185.5;28.6;30.7;50;1.914;3.208;4.421;0.58
354;1;Fußball;Nachwuchsleistungszentrum;männlich;15;63;177;32.2;33;70;1.855;3.145;4.339;1.11
360;1;Fußball;Nachwuchsleistungszentrum;männlich;16;87.1;192;36;39;75;1.803;3.044;4.194;0.86
361;1;Fußball;Nachwuchsleistungszentrum;männlich;16;74.8;182.5;43.7;42.6;80;1.812;3.064;4.259;1.07
362;1;Fußball;Nachwuchsleistungszentrum;männlich;16;82;183.5;36.8;43.8;100;1.861;3.113;4.28;1.22
364;1;Fußball;Nachwuchsleistungszentrum;männlich;14;60.1;170;31.3;31.7;80;1.821;3.163;4.423;1.33
367;1;Fußball;Nachwuchsleistungszentrum;männlich;13;33;139;24.6;25.8;25;2.044;3.629;5.188;0.76
368;1;Fußball;Nachwuchsleistungszentrum;männlich;13;28;125;26.6;23.7;25;1.988;3.557;5.096;0.89
373;1;Fußball;Nachwuchsleistungszentrum;männlich;15;68.5;180.5;35;36.6;80;1.789;3.105;4.358;1.17
374;1;Fußball;Nachwuchsleistungszentrum;männlich;15;68.3;174;35.4;39;75;1.755;2.994;4.145;1.1
375;1;Fußball;Nachwuchsleistungszentrum;männlich;13;51.4;166;41.2;48.6;90;1.65;2.907;4.112;1.75
496;3;Fußball;Nachwuchsleistungszentrum;männlich;17;65.5;169;30.6;32.8;65;1.891;3.266;4.589;0.99
497;3;Fußball;Nachwuchsleistungszentrum;männlich;16;73.5;183;21.7;29;60;1.911;3.294;4.655;0.82
498;3;Fußball;Nachwuchsleistungszentrum;männlich;16;61.1;169;37.1;39.3;65;1.862;3.192;4.445;1.06
499;3;Fußball;Nachwuchsleistungszentrum;männlich;16;78.3;170;30.2;32.8;95;1.784;3.061;4.276;1.21
500;3;Fußball;Nachwuchsleistungszentrum;männlich;15;59.4;172;30.8;31.3;50;1.897;3.24;4.523;0.84
501;3;Fußball;Nachwuchsleistungszentrum;männlich;15;70.5;187;36.3;37.1;70;1.79;3.028;4.187;0.99
502;3;Fußball;Nachwuchsleistungszentrum;männlich;15;73.3;176;32.3;36.5;80;1.761;3.059;4.313;1.09
504;3;Fußball;Nachwuchsleistungszentrum;männlich;16;66.7;174;36.8;39.6;70;1.767;3.053;4.284;1.05
505;3;Fußball;Nachwuchsleistungszentrum;männlich;16;67.5;175;43.6;50.7;110;1.713;2.988;4.16;1.63
506;3;Fußball;Nachwuchsleistungszentrum;männlich;16;94.9;190;34.2;38.2;110;1.807;3.101;4.317;1.16
507;3;Fußball;Nachwuchsleistungszentrum;männlich;16;81.2;178;35.1;42;95;1.781;3.07;4.269;1.17
509;3;Fußball;Nachwuchsleistungszentrum;männlich;16;63.4;176;31.8;36.8;55;1.814;3.088;4.285;0.87
510;3;Fußball;Nachwuchsleistungszentrum;männlich;16;54.7;162;30;33.8;50;1.861;3.231;4.535;0.91
511;3;Fußball;Nachwuchsleistungszentrum;männlich;17;61.5;173;30.8;35.6;85;1.828;2.993;4.196;1.38
512;3;Fußball;Nachwuchsleistungszentrum;männlich;15;65.7;177;33.8;37.4;70;1.832;3.153;4.413;1.07
513;3;Fußball;Nachwuchsleistungszentrum;männlich;16;62.3;172;29.7;34.1;60;1.776;3.132;4.4;0.96
514;3;Fußball;Nachwuchsleistungszentrum;männlich;15;74.4;172;29.7;32.4;65;1.913;3.255;4.52;0.87
515;3;Fußball;Nachwuchsleistungszentrum;männlich;16;79.8;186;41.3;44.1;80;1.728;3.005;4.201;1
516;3;Fußball;Nachwuchsleistungszentrum;männlich;15;69.3;178;40;40;90;1.717;3;4.191;1.3
517;3;Fußball;Nachwuchsleistungszentrum;männlich;17;79.9;171;32.9;37.6;85;1.821;3.165;4.468;1.06
518;3;Fußball;Nachwuchsleistungszentrum;männlich;16;63.3;166;38;42.8;80;1.721;2.949;4.134;1.26
519;3;Fußball;Nachwuchsleistungszentrum;männlich;16;67.2;179;33.3;33.9;60;1.82;3.149;4.438;0.89
520;3;Fußball;Nachwuchsleistungszentrum;männlich;15;58.6;159;29.1;30;65;1.784;3.079;4.493;1.11
522;3;Fußball;Nachwuchsleistungszentrum;männlich;15;70.7;180;32.5;37.5;50;1.81;3.094;4.272;0.71
523;3;Fußball;Nachwuchsleistungszentrum;männlich;17;71.9;173;37.5;34.4;100;1.766;3.029;4.224;1.39
524;3;Fußball;Nachwuchsleistungszentrum;männlich;18;93;188;39.1;41.3;100;1.762;3.023;4.179;1.08
525;3;Fußball;Nachwuchsleistungszentrum;männlich;17;82.6;183;31.4;33.2;70;1.802;3.095;4.309;0.85
526;3;Fußball;Nachwuchsleistungszentrum;männlich;16;88.4;184;32.4;35.1;75;1.866;3.188;4.431;0.85
528;3;Fußball;Nachwuchsleistungszentrum;männlich;18;67.4;178;30;34.6;80;1.764;3.028;4.217;1.19
529;3;Fußball;Nachwuchsleistungszentrum;männlich;17;76.7;184;37.8;38.9;110;1.783;3.039;4.214;1.43
530;3;Fußball;Nachwuchsleistungszentrum;männlich;18;66.2;173;35.1;43.4;75;1.688;2.932;4.105;1.13
531;3;Fußball;Nachwuchsleistungszentrum;männlich;17;77.3;179;34.6;36.3;90;1.75;3.018;4.193;1.16
533;3;Fußball;Nachwuchsleistungszentrum;männlich;18;67.9;169;40.8;46.2;90;1.678;2.872;3.956;1.33
534;3;Fußball;Nachwuchsleistungszentrum;männlich;18;66.1;177;33;34.8;65;1.81;3.106;4.308;0.98
536;3;Fußball;Nachwuchsleistungszentrum;männlich;17;60.1;173;32.3;36;70;1.756;3.022;4.196;1.16
1678;4;Fußball;Nachwuchsleistungszentrum;männlich;17;63;185;41.2;45.4;80;1.85;3.2;4.5;1.27
1679;4;Fußball;Nachwuchsleistungszentrum;männlich;15;63;176;50.6;48.3;120;1.63;2.81;3.93;1.9
1680;4;Fußball;Nachwuchsleistungszentrum;männlich;17;82;187;30.7;35;80;1.86;3.19;4.44;0.98
1681;4;Fußball;Nachwuchsleistungszentrum;männlich;17;81;182;33.9;40.8;105;1.72;2.96;4.16;1.3
1682;4;Fußball;Nachwuchsleistungszentrum;männlich;16;66.5;181.5;42.2;48.6;105;1.72;2.95;4.09;1.58
1683;4;Fußball;Nachwuchsleistungszentrum;männlich;16;62;186;42.9;43.9;80;1.73;3.01;4.18;1.29
1684;4;Fußball;Nachwuchsleistungszentrum;männlich;17;69.5;179;36;38.2;100;;;;1.44
1685;4;Fußball;Nachwuchsleistungszentrum;männlich;17;79.5;183.5;38.5;36.5;100;1.83;3.03;4.1;1.26
1686;4;Fußball;Nachwuchsleistungszentrum;männlich;16;76;186;34.4;37.4;105;;;;1.38
1687;4;Fußball;Nachwuchsleistungszentrum;männlich;16;75;184;34;37.3;95;1.68;2.91;4.02;1.27
1688;4;Fußball;Nachwuchsleistungszentrum;männlich;16;69.5;192;35;34.2;85;1.84;3.12;4.31;1.22
1689;4;Fußball;Nachwuchsleistungszentrum;männlich;16;58;179.5;42.2;47.1;100;;;;1.72
1690;4;Fußball;Nachwuchsleistungszentrum;männlich;17;58;176;35.6;39.8;85;1.77;2.99;4.16;1.47
1691;4;Fußball;Nachwuchsleistungszentrum;männlich;16;69.5;186.5;40.9;41.6;95;1.66;2.85;3.98;1.37
1692;4;Fußball;Nachwuchsleistungszentrum;männlich;16;68;186.5;45.3;45.3;90;1.71;2.96;4.11;1.32
1693;4;Fußball;Nachwuchsleistungszentrum;männlich;16;78.5;191;35.7;36.2;90;1.77;2.99;4.14;1.15
1694;4;Fußball;Nachwuchsleistungszentrum;männlich;17;61;180;34;37.2;80;1.72;2.96;4.12;1.31
1695;4;Fußball;Nachwuchsleistungszentrum;männlich;16;69;182;43.2;52.4;120;1.69;2.86;4;1.74
1696;4;Fußball;Nachwuchsleistungszentrum;männlich;16;66;179;39.7;40.1;95;1.74;2.98;4.17;1.44
1697;4;Fußball;Nachwuchsleistungszentrum;männlich;16;65.5;177.5;26.6;29.4;75;1.75;3;4.21;1.15
1698;4;Fußball;Nachwuchsleistungszentrum;männlich;17;64;172;38.5;40.5;90;1.72;2.96;4.13;1.41
1699;4;Fußball;Nachwuchsleistungszentrum;männlich;17;79;188;37.2;37.9;90;1.77;2.96;4.11;1.14
1700;4;Fußball;Nachwuchsleistungszentrum;männlich;16;64;178.5;34.5;41.5;90;1.76;3.01;4.21;1.41
1701;4;Fußball;Nachwuchsleistungszentrum;männlich;16;64.5;184;33.1;38.8;75;1.88;3.21;4.46;1.16
1702;4;Fußball;Nachwuchsleistungszentrum;männlich;15;61.5;175;42.3;31.7;75;1.75;3.04;4.25;1.22
1703;4;Fußball;Nachwuchsleistungszentrum;männlich;16;69;178;34.8;35.6;85;;;;1.23
1704;4;Fußball;Nachwuchsleistungszentrum;männlich;17;80;183.5;36.1;42.6;90;1.73;3.01;4.2;1.13
1705;4;Fußball;Nachwuchsleistungszentrum;männlich;18;70;183.5;37.9;44.7;90;1.69;2.9;4.05;1.29
1706;4;Fußball;Nachwuchsleistungszentrum;männlich;18;65;174.5;45.6;48.2;95;1.66;2.89;3.96;1.46
1707;4;Fußball;Nachwuchsleistungszentrum;männlich;18;78;187;32.9;35.4;100;1.72;2.93;4.08;1.28
1709;4;Fußball;Nachwuchsleistungszentrum;männlich;17;76;189;38.3;40.6;115;1.7;2.91;4.03;1.51
1710;4;Fußball;Nachwuchsleistungszentrum;männlich;18;81;185.5;34.3;37.6;95;1.71;2.94;4.09;1.17
1711;4;Fußball;Nachwuchsleistungszentrum;männlich;17;68;174.5;37.9;41.3;90;1.64;2.87;4;1.32
1712;4;Fußball;Nachwuchsleistungszentrum;männlich;17;75;182;37;36.9;90;1.69;2.88;4.01;1.2
1713;4;Fußball;Nachwuchsleistungszentrum;männlich;18;85.5;198;36.2;40.8;90;1.74;2.98;4.18;1.05
1714;4;Fußball;Nachwuchsleistungszentrum;männlich;18;70;170;38.5;39.1;110;1.74;2.97;4.14;1.57
1715;4;Fußball;Nachwuchsleistungszentrum;männlich;17;72;185;39;42;100;1.75;2.98;4.21;1.39
1716;4;Fußball;Nachwuchsleistungszentrum;männlich;19;77.5;186.5;38.7;40.2;115;1.79;3.07;4.29;1.48
1717;4;Fußball;Nachwuchsleistungszentrum;männlich;17;71.5;187;34.1;35;80;1.79;3.06;4.3;1.12
1718;4;Fußball;Nachwuchsleistungszentrum;männlich;18;77;191;38;43.5;105;1.72;2.95;4.11;1.36
1719;4;Fußball;Nachwuchsleistungszentrum;männlich;17;59;182;38;36.4;65;1.72;2.94;4.09;1.1
1720;4;Fußball;Nachwuchsleistungszentrum;männlich;17;79.5;191;;;90;1.75;2.99;4.14;1.13
1721;4;Fußball;Nachwuchsleistungszentrum;männlich;19;76.5;188.5;38.7;45.7;120;1.63;2.78;3.84;1.57
1722;4;Fußball;Nachwuchsleistungszentrum;männlich;23;64;168;39.1;39.4;100;1.72;2.97;4.15;1.56
1723;4;Fußball;Nachwuchsleistungszentrum;männlich;21;76;184;42.3;45.3;125;1.72;2.94;4.09;1.64
1724;4;Fußball;Nachwuchsleistungszentrum;männlich;20;72;188.5;38.1;40.2;115;1.71;2.99;4.14;1.6
1725;4;Fußball;Nachwuchsleistungszentrum;männlich;21;60;174;38.7;45;95;1.72;2.95;4.08;1.58
1726;4;Fußball;Nachwuchsleistungszentrum;männlich;23;89;186.5;37;38;110;;;;1.24
1727;4;Fußball;Nachwuchsleistungszentrum;männlich;19;66;183;41.1;49.1;105;1.65;2.83;3.94;1.59
1728;4;Fußball;Nachwuchsleistungszentrum;männlich;20;73.5;179;35.4;39.9;90;1.74;2.98;4.13;1.22
1729;4;Fußball;Nachwuchsleistungszentrum;männlich;20;79.5;184;32.9;37.3;95;1.71;2.99;4.19;1.19
1730;4;Fußball;Nachwuchsleistungszentrum;männlich;19;75;181;29.3;34.9;90;1.78;3.04;4.2;1.2
1731;4;Fußball;Nachwuchsleistungszentrum;männlich;20;73;185.5;33.3;35;100;1.61;2.78;3.87;1.37
1732;4;Fußball;Nachwuchsleistungszentrum;männlich;22;80;194;35.7;40.4;85;1.75;3;4.19;1.06
1734;4;Fußball;Nachwuchsleistungszentrum;männlich;23;79;184;36.2;37.3;90;1.77;3;4.15;1.14
1735;4;Fußball;Nachwuchsleistungszentrum;männlich;23;69;184;36.1;41.3;75;1.74;3.02;4.22;1.09
1736;4;Fußball;Nachwuchsleistungszentrum;männlich;21;67;175;33;35.2;90;1.79;3.03;4.23;1.34
1737;4;Fußball;Nachwuchsleistungszentrum;männlich;19;93;182;35;41.1;115;1.73;3.02;4.21;1.24
1738;4;Fußball;Nachwuchsleistungszentrum;männlich;20;83;189.5;34.3;37.2;95;1.72;3.1;4.38;1.14
1739;4;Fußball;Nachwuchsleistungszentrum;männlich;20;74.5;179;36;36.9;90;1.71;2.96;4.15;1.21
1740;5;Fußball;Nachwuchsleistungszentrum;männlich;15;81;178.5;39.2;43.1;110;;;;1.36
1954;5;Fußball;Nachwuchsleistungszentrum;männlich;18;62.8;174;41.5;44.4;90;1.72;;4.15;1.43
1955;5;Fußball;Nachwuchsleistungszentrum;männlich;18;88;186;40.2;42.5;120;1.71;;4.01;1.36
1956;5;Fußball;Nachwuchsleistungszentrum;männlich;18;71.2;184;37.3;38.1;90;1.84;;4.18;1.26
1957;5;Fußball;Nachwuchsleistungszentrum;männlich;18;74.5;173;38;40.2;110;1.7;;4.13;1.48
1958;5;Fußball;Nachwuchsleistungszentrum;männlich;18;69;178;46.5;47.4;115;1.74;;4.06;1.67
1959;5;Fußball;Nachwuchsleistungszentrum;männlich;18;79.7;184;45.7;46.4;107.5;1.74;;4.2;1.35
1960;5;Fußball;Nachwuchsleistungszentrum;männlich;18;79.5;192;42.9;43.5;100;1.74;;4.26;1.26
1961;5;Fußball;Nachwuchsleistungszentrum;männlich;18;82.2;179;43.4;44.5;130;1.7;;3.99;1.58
1962;5;Fußball;Nachwuchsleistungszentrum;männlich;18;83.2;184;38.1;43.5;120;1.76;;4.09;1.44
1963;5;Fußball;Nachwuchsleistungszentrum;männlich;18;74.3;175;40.5;42.3;115;1.74;;4.05;1.55
1964;5;Fußball;Nachwuchsleistungszentrum;männlich;18;76.3;180;37.6;37.9;100;1.84;;4.16;1.31
1965;5;Fußball;Nachwuchsleistungszentrum;männlich;18;82.7;184;52.2;53.2;130;1.74;;4.15;1.57
1966;5;Fußball;Nachwuchsleistungszentrum;männlich;18;74.8;172;37.3;41.6;105;1.79;;4.23;1.4
1967;5;Fußball;Nachwuchsleistungszentrum;männlich;18;76.1;182;33.4;35.6;90;1.77;;4.28;1.18
1968;5;Fußball;Nachwuchsleistungszentrum;männlich;18;84.9;190;41.9;43.8;105;1.7;;4.08;1.24
1969;5;Fußball;Nachwuchsleistungszentrum;männlich;18;68.5;178;39;41.4;105;1.7;;3.97;1.53
1970;5;Fußball;Nachwuchsleistungszentrum;männlich;18;69.1;172;39.8;41.5;105;1.73;;3.91;1.52
1971;5;Fußball;Nachwuchsleistungszentrum;männlich;18;67;162;43.1;43.2;90;1.83;;4.17;1.34
1972;5;Fußball;Nachwuchsleistungszentrum;männlich;18;90.3;192;40.2;41.6;120;1.75;;4.08;1.33
1973;5;Fußball;Nachwuchsleistungszentrum;männlich;18;61.8;177;41.5;42.2;105;1.64;;3.94;1.7
1974;5;Fußball;Nachwuchsleistungszentrum;männlich;18;71.9;169;35.3;37.7;85;1.87;;4.19;1.18
1975;5;Fußball;Nachwuchsleistungszentrum;männlich;18;60.7;173;46.8;47.2;105;1.61;;3.89;1.73
1976;5;Fußball;Nachwuchsleistungszentrum;männlich;17;84.8;185;42.3;43.8;95;1.7;;4.07;1.12
1977;5;Fußball;Nachwuchsleistungszentrum;männlich;17;60.1;175;36.5;39.2;95;1.7;;4.04;1.58
1978;5;Fußball;Nachwuchsleistungszentrum;männlich;17;71.8;185;41.8;43.1;90;1.77;;4.22;1.25
1979;5;Fußball;Nachwuchsleistungszentrum;männlich;17;63;172;31.1;33.5;75;1.74;;4.34;1.19
1980;5;Fußball;Nachwuchsleistungszentrum;männlich;17;71.7;177;44.1;46.9;110;1.75;;4.19;1.53
1981;5;Fußball;Nachwuchsleistungszentrum;männlich;17;70.4;172;45.8;48.5;100;1.81;;4.28;1.42
1982;5;Fußball;Nachwuchsleistungszentrum;männlich;17;54;166;32.5;33.2;70;1.81;;4.22;1.3
1983;5;Fußball;Nachwuchsleistungszentrum;männlich;17;71.3;175;33.1;34.6;100;1.78;;4.23;1.4
1984;5;Fußball;Nachwuchsleistungszentrum;männlich;17;67.6;177;40.9;43.2;85;1.74;;4.13;1.26
1985;5;Fußball;Nachwuchsleistungszentrum;männlich;17;68;176;47.1;48.2;110;1.72;;4.15;1.62
1986;5;Fußball;Nachwuchsleistungszentrum;männlich;17;67.6;176;43.4;44.5;90;1.72;;4.07;1.33
1987;5;Fußball;Nachwuchsleistungszentrum;männlich;17;63;177;42.2;43.5;95;1.78;;4.19;1.51
1988;5;Fußball;Nachwuchsleistungszentrum;männlich;17;58.8;164;39.9;41.9;95;1.75;;4.35;1.62
1990;5;Fußball;Nachwuchsleistungszentrum;männlich;17;64.9;184;41.1;37.7;85;1.83;;4.27;1.31
1991;5;Fußball;Nachwuchsleistungszentrum;männlich;17;68;185;38.1;39.9;90;1.77;;4.17;1.32
1992;5;Fußball;Nachwuchsleistungszentrum;männlich;17;59.3;169;39.5;39.5;75;1.79;;4.2;1.26
1993;5;Fußball;Nachwuchsleistungszentrum;männlich;17;67.7;178;45.3;46.9;90;1.79;;4.22;1.33
1994;5;Fußball;Nachwuchsleistungszentrum;männlich;17;56;167;39.5;40.2;85;1.78;;4.15;1.52
1995;5;Fußball;Nachwuchsleistungszentrum;männlich;17;68.4;176;42.6;43.1;95;1.66;;4.01;1.39
1996;5;Fußball;Nachwuchsleistungszentrum;männlich;17;81;189;31.7;33.3;65;1.85;;4.52;0.8
1997;5;Fußball;Nachwuchsleistungszentrum;männlich;17;80;187;35.6;36.6;95;1.7;;4.16;1.19
1998;5;Fußball;Nachwuchsleistungszentrum;männlich;17;57.5;176;34.3;35.8;70;1.69;;4.09;1.22
1999;5;Fußball;Nachwuchsleistungszentrum;männlich;17;81;189;33.5;34.1;80;1.75;;4.29;0.99
2000;5;Fußball;Nachwuchsleistungszentrum;männlich;17;82;186;34.4;39.5;110;1.77;;4.19;1.34
2001;5;Fußball;Nachwuchsleistungszentrum;männlich;17;63.6;175;42.2;45.8;100;1.68;;4.02;1.57
2002;5;Fußball;Nachwuchsleistungszentrum;männlich;17;62.3;172;37;38.3;90;1.66;;4.07;1.44
2003;5;Fußball;Nachwuchsleistungszentrum;männlich;17;69.4;176;47.2;49.7;120;1.63;;4.07;1.73
2004;5;Fußball;Nachwuchsleistungszentrum;männlich;17;68.7;179;40;41.3;100;1.75;;4.18;1.46
2005;5;Fußball;Nachwuchsleistungszentrum;männlich;17;56.3;172;42.5;45.6;80;1.74;;4.16;1.42
2006;5;Fußball;Nachwuchsleistungszentrum;männlich;17;85;187;32.4;34.9;90;1.75;;4.2;1.06
2007;5;Fußball;Nachwuchsleistungszentrum;männlich;17;64.3;179;32.3;33.4;80;1.71;;4.23;1.24
2008;5;Fußball;Nachwuchsleistungszentrum;männlich;17;69.5;178;37.5;38.1;90;1.74;;4.17;1.29
2009;5;Fußball;Nachwuchsleistungszentrum;männlich;17;74;182;37;39.1;90;1.7;;4.19;1.22
2010;5;Fußball;Nachwuchsleistungszentrum;männlich;17;68.8;180;34.6;36.8;80;;;;1.16
2011;5;Fußball;Nachwuchsleistungszentrum;männlich;17;57.7;171;38.9;40.7;100;1.7;;4.19;1.73
2012;5;Fußball;Nachwuchsleistungszentrum;männlich;17;60.2;169;38.7;39.8;100;1.67;;3.98;1.66
2013;5;Fußball;Nachwuchsleistungszentrum;männlich;17;79.8;186;38.7;38.8;100;1.82;;4.37;1.25
2014;5;Fußball;Nachwuchsleistungszentrum;männlich;17;57.7;171;47.2;51.9;115;1.76;;4.11;1.99
2015;5;Fußball;Nachwuchsleistungszentrum;männlich;17;62.6;179;33.2;35;90;1.65;;4;1.44
2016;5;Fußball;Nachwuchsleistungszentrum;männlich;18;61.5;178;31.3;33.8;80;1.69;;3.96;1.3
2017;5;Fußball;Nachwuchsleistungszentrum;männlich;18;76;183;47.5;47;120;1.55;;3.7;1.58
2018;5;Fußball;Nachwuchsleistungszentrum;männlich;18;72.2;180;35.1;39.5;100;1.7;;4.11;1.39
2019;5;Fußball;Nachwuchsleistungszentrum;männlich;18;78.1;183;43.2;43.2;100;1.72;;4.05;1.28
2020;5;Fußball;Nachwuchsleistungszentrum;männlich;18;76.5;172;40.6;41.5;85;1.9;;4.44;1.11
2021;5;Fußball;Nachwuchsleistungszentrum;männlich;18;62.8;175;47.3;47.1;110;1.62;;4.08;1.75
2022;5;Fußball;Nachwuchsleistungszentrum;männlich;18;71.5;180;38.5;37.1;100;1.63;;4.02;1.4
2023;5;Fußball;Nachwuchsleistungszentrum;männlich;18;71.3;180;41.1;40.5;100;1.72;;4.2;1.4
2024;5;Fußball;Nachwuchsleistungszentrum;männlich;18;71.8;178;32.5;38.5;92;1.72;;4.19;1.28
2025;5;Fußball;Nachwuchsleistungszentrum;männlich;18;72.8;176;42.6;41.2;90;1.79;;4.25;1.24
2026;5;Fußball;Nachwuchsleistungszentrum;männlich;18;79;180;36;36.1;90;1.71;;4.31;1.14
2027;5;Fußball;Nachwuchsleistungszentrum;männlich;18;82.3;186;45.6;46.9;115;1.77;;4.19;1.4
2028;5;Fußball;Nachwuchsleistungszentrum;männlich;18;77.2;182;40.3;41.3;90;1.86;;4.31;1.17
2029;5;Fußball;Nachwuchsleistungszentrum;männlich;18;85.7;193;38;38.1;70;1.81;;4.44;0.82
2030;5;Fußball;Nachwuchsleistungszentrum;männlich;18;74.3;188;39.5;41;100;1.62;;4.07;1.35
2031;5;Fußball;Nachwuchsleistungszentrum;männlich;18;81.2;188;48.9;48.4;110;1.77;;4.13;1.35
2032;5;Fußball;Nachwuchsleistungszentrum;männlich;18;90;185;35.1;35.2;90;1.79;;4.36;1
2033;5;Fußball;Nachwuchsleistungszentrum;männlich;18;58.8;171;43.5;44.9;110;1.66;;4.02;1.87
2034;5;Fußball;Nachwuchsleistungszentrum;männlich;18;83.3;187;38.8;39.6;100;1.73;;4.22;1.2
2035;5;Fußball;Nachwuchsleistungszentrum;männlich;18;69.1;175;41.8;42.1;100;1.61;;3.93;1.45
2036;5;Fußball;Nachwuchsleistungszentrum;männlich;18;70.1;179;38.9;39.5;90;1.72;;4.11;1.28
2450;6;Fußball;Nachwuchsleistungszentrum;männlich;17;76.3;180;;;95;1.67;2.85;3.99;1.25
2451;6;Fußball;Nachwuchsleistungszentrum;männlich;17;70.1;186;33.4;34.2;95;1.62;2.85;4.05;1.36
2452;6;Fußball;Nachwuchsleistungszentrum;männlich;18;66.9;176;39;41.6;92.5;1.64;2.85;4.02;1.38
2453;6;Fußball;Nachwuchsleistungszentrum;männlich;17;64.2;181;33.9;40.1;85;1.66;2.92;4.14;1.32
2454;6;Fußball;Nachwuchsleistungszentrum;männlich;18;82.1;191;48.7;50;120;1.62;2.81;4;1.46
2455;6;Fußball;Nachwuchsleistungszentrum;männlich;18;70;178;37.9;40.1;100;1.61;2.8;3.98;1.43
2456;6;Fußball;Nachwuchsleistungszentrum;männlich;17;74.7;181;;;100;1.64;2.87;4.07;1.34
2457;6;Fußball;Nachwuchsleistungszentrum;männlich;18;84.2;184;40.8;43.2;125;;;;1.48
2458;6;Fußball;Nachwuchsleistungszentrum;männlich;18;70.5;184;37;44;97.5;1.62;2.77;3.93;1.38
2459;6;Fußball;Nachwuchsleistungszentrum;männlich;17;76.1;184;39.3;39.7;95;;;;1.25
2460;6;Fußball;Nachwuchsleistungszentrum;männlich;18;74.5;185;48.5;51;140;;;;1.88
2461;6;Fußball;Nachwuchsleistungszentrum;männlich;17;73.6;189;39;41.4;110;1.55;2.74;3.88;1.49
2462;6;Fußball;Nachwuchsleistungszentrum;männlich;18;89.6;191;36;41.4;117.5;;;;1.31
2463;6;Fußball;Nachwuchsleistungszentrum;männlich;17;77.9;176;35.3;36.2;105;1.65;2.87;4.07;1.35
2464;6;Fußball;Nachwuchsleistungszentrum;männlich;17;69.2;177;44.9;48.3;105;1.59;2.8;3.97;1.52
2465;6;Fußball;Nachwuchsleistungszentrum;männlich;18;79.4;179;32;34.5;105;1.66;2.9;4.11;1.32
2466;6;Fußball;Nachwuchsleistungszentrum;männlich;18;78.1;180;46.6;53.8;125;1.58;2.75;3.93;1.6
2467;6;Fußball;Nachwuchsleistungszentrum;männlich;17;72.9;177;;;122.5;1.63;2.87;4.11;1.68
2468;6;Fußball;Nachwuchsleistungszentrum;männlich;17;68.9;178;;;80;1.71;2.97;4.11;1.16
2469;6;Fußball;Nachwuchsleistungszentrum;männlich;17;65;174;34;36.1;90;1.72;3.07;4.35;1.38
2470;6;Fußball;Nachwuchsleistungszentrum;männlich;17;70;174;36.9;39.4;87.5;1.74;3;4.15;1.25
2471;6;Fußball;Nachwuchsleistungszentrum;männlich;17;85.9;193;33.7;38.7;95;1.72;2.92;4.07;1.11
2472;6;Fußball;Nachwuchsleistungszentrum;männlich;16;68.2;180;33.5;35.1;95;1.78;3.06;4.28;1.39
2473;6;Fußball;Nachwuchsleistungszentrum;männlich;17;72.7;186;30.6;34.3;95;1.71;2.98;4.2;1.31
2474;6;Fußball;Nachwuchsleistungszentrum;männlich;17;77.6;181;42.5;43.9;102.5;1.67;2.85;4.01;1.32
2475;6;Fußball;Nachwuchsleistungszentrum;männlich;16;66;182;30.7;35.6;70;1.75;3.03;4.18;1.06
2476;6;Fußball;Nachwuchsleistungszentrum;männlich;16;60.2;172;43.1;45.1;82.5;1.72;2.94;4.08;1.37
2477;6;Fußball;Nachwuchsleistungszentrum;männlich;17;66.4;175;32.1;35.7;87.5;1.72;2.94;4.12;1.32
2478;6;Fußball;Nachwuchsleistungszentrum;männlich;17;84.3;191;42.6;42.2;115;1.63;2.8;3.98;1.36
2479;6;Fußball;Nachwuchsleistungszentrum;männlich;17;76;185;32.5;33.9;65;1.68;2.96;4.17;0.86
2480;6;Fußball;Nachwuchsleistungszentrum;männlich;16;80.9;188;;;95;1.71;3.03;4.25;1.17
2481;6;Fußball;Nachwuchsleistungszentrum;männlich;17;80.2;181;37.7;39;90;1.74;2.95;4.13;1.12
2482;6;Fußball;Nachwuchsleistungszentrum;männlich;17;67.6;180;30.1;33.9;95;1.74;2.98;4.13;1.41
2483;6;Fußball;Nachwuchsleistungszentrum;männlich;17;68.5;173;32.2;34.4;85;1.85;3.16;4.41;1.24
